Metric,Value
Model,GRU
Dataset,UCI HAPT (Smartphone-Based HAR)
Input Shape,"(128, 6)"
Number of Classes,12
Architecture,"GRU(64,ret_seq=True) → Dropout(0.3) → GRU(32) → Dropout(0.3) → Dense(64,relu) → Dropout(0.5) → Softmax(12)"
Optimizer,Adam
Learning Rate,0.001
Batch Size,64
Max Epochs,50
Epochs Trained,32
Best Epoch,22
Train Subjects,"[1, 2, 3, 4, 5, 6, 7, 8, 9, 10, 11, 12, 13, 14, 15, 16, 17, 18, 19, 20, 21]"
Val Subjects,"[22, 23, 24, 25]"
Test Subjects,"[26, 27, 28, 29, 30]"
Test Accuracy,0.9342
Balanced Accuracy,0.8236
Macro Precision,0.7902
Macro Recall,0.8236
Macro F1,0.7947
Weighted Precision,0.9354
Weighted Recall,0.9342
Weighted F1,0.9337
Macro ROC-AUC,0.9909
Weighted ROC-AUC,0.9904
Macro PR-AUC,0.8536
Weighted PR-AUC,0.9411
MCC,0.9221
Cohen's Kappa,0.922
Log Loss,0.194
Total Parameters,26124
Trainable Parameters,26124
Model File Size (MB),0.341
Total Training Time (s),90.98
Avg Epoch Time (s),2.84
Total Inference Time (s),0.5522
Avg Inference per Sample (ms),0.2793
SEED,42
