,WALKING,WALKING_UPSTAIRS,WALKING_DOWNSTAIRS,SITTING,STANDING,LAYING,STAND_TO_SIT,SIT_TO_STAND,SIT_TO_LIE,LIE_TO_SIT,STAND_TO_LIE,LIE_TO_STAND
WALKING,288,0,0,0,0,0,0,0,0,0,0,0
WALKING_UPSTAIRS,0,270,0,0,0,0,0,1,0,0,0,0
WALKING_DOWNSTAIRS,2,0,248,0,0,0,0,0,0,0,0,0
SITTING,0,0,0,307,38,0,4,0,0,0,0,0
STANDING,0,0,0,57,308,0,1,4,0,0,0,0
LAYING,0,0,0,0,0,372,0,0,1,0,0,0
STAND_TO_SIT,0,0,0,0,0,0,12,1,0,0,0,0
SIT_TO_STAND,0,0,0,0,0,0,0,9,0,1,0,0
SIT_TO_LIE,0,0,0,0,0,1,1,1,16,0,2,0
LIE_TO_SIT,0,0,0,0,0,1,0,0,0,6,0,3
STAND_TO_LIE,0,0,0,0,0,0,0,0,9,0,2,0
LIE_TO_STAND,0,0,0,0,0,0,0,0,0,2,0,9
