Activity,Precision,Recall,F1-Score,Support,ROC-AUC,PR-AUC
WALKING,0.993103448275862,1.0,0.9965397923875432,288,1.0,0.9999999999999999
WALKING_UPSTAIRS,1.0,0.996309963099631,0.9981515711645101,271,1.0,1.0
WALKING_DOWNSTAIRS,1.0,0.992,0.9959839357429718,250,1.0,1.0
SITTING,0.8434065934065934,0.8796561604584527,0.8611500701262272,349,0.9738142675105426,0.9279537974792484
STANDING,0.8901734104046243,0.8324324324324325,0.8603351955307262,370,0.9758758135858323,0.8064327432283609
LAYING,0.9946524064171123,0.9973190348525469,0.9959839357429718,373,0.999996657150689,0.9999857015192135
STAND_TO_SIT,0.6666666666666666,0.9230769230769231,0.7741935483870968,13,0.9995300015666614,0.9542277677729183
SIT_TO_STAND,0.5625,0.9,0.6923076923076923,10,0.9761057447890187,0.8809809390980939
SIT_TO_LIE,0.6153846153846154,0.7619047619047619,0.6808510638297872,21,0.9715162138475022,0.6303581533959695
LIE_TO_SIT,0.6666666666666666,0.6,0.631578947368421,10,0.9984748347737671,0.6619841269841269
STAND_TO_LIE,0.5,0.18181818181818182,0.26666666666666666,11,0.9959770646444095,0.4737762237762238
LIE_TO_STAND,0.75,0.8181818181818182,0.782608695652174,11,0.999398871728475,0.907623311032402
